<?xml version="1.0" encoding="UTF-8"?>
<adddon>
	<info>
		<type>Component</type>
		<name>graph</name>
		<label>Graphs and Reports</label>
		<information>Shows number of Service Calls generated by reported date</information>
		<active>1</active>
		<version>0.1</version>
		<description></description>
	</info>
	
	<install>
		<source>
			<folder>graph</folder>
			<files></files>
			<sql>/sql.txt</sql>
			
		</source>
		<destination>
			<folder>/protected/modules/graph</folder>
			<files></files>
			
		</destination>	
	</install>

</adddon>